{
	"spaceUtilizationSummary": 
		{ 
			"used": 2500,
			"free": 4500,
			"total": 7000
		},
	"name": 
		{
			"carrier" : "Air",
			"flightNumber" : "0544"
		},
	"type" :
		{
			"aicraftType" : "747",
			"aircaftGroup" : ""
		},
	"utilizationInfo" : 
	[
			{
				"type" : "CARGO",
				"weight" : 50000,
				"volume" : 50,
				"ldc" : "",
				"ldp" : "",
				"mdp" : "",
				"blk" : ""
			},
			{
				"type" : "MAIL",
				"weight" : 400,
				"volume" : 2,
				"ldc" : "",
				"ldp" : "",
				"mdp" : "",
				"blk" : ""
			},
			{
				"type" : "BAG",
				"weight" : 800,
				"volume" : 4,
				"ldc" : "",
				"ldp" : "",
				"mdp" : "",
				"blk" : ""
			}			
		],
	"legOrigin": "FRA",
	"legDestination": "SFO",
	"departLocal": 1398240000000,
	"arrivalLocal": 1398279600000,
	"updated": {
		"numComments" : 2,
		"by":"Paul ",
		"date":1398279600000,
		"handoverStatus" : "unknown"
	},
	"ulds": [
		{
			"id":"ULD00002",
			"type":"AKE",
			"status":"PLANNED",
			"location":"Warehouse North Bay",
			"notifications":3,
			"vol":{
				"used":2,
				"total":5.2,
				"free":3.2
			},
			"weight":{
				"used":1000,
				"total":6000,
				"free":5000
			}
		},
		{
			"id":"ULD00001",
			"type":"AKE",
			"status":"ISSUED",
			"location":"Warehouse North Bay",
			"notifications":4,
			"vol":{
				"used":1,
				"total":5.2,
				"free":4.2
			},
			"weight":{
				"used":4000,
				"total":6000,
				"free":2000
			}
		},
		
		{
			"id":"ULD00003",
			"type":"AKE",
			"status":"PLANNED",
			"location":"Warehouse North Bay",
			"notifications":2,
			"vol":{
				"used":1,
				"total":5.2,
				"free":4.2
			},
			"weight":{
				"used":500,
				"total":6000,
				"free":5500
			}
		},
		{
			"id":"ULD00004",
			"type":"AKE",
			"status":"CONFIRMED",
			"location":"Warehouse North Bay",
			"notifications":1,
			"vol":{
				"used":1,
				"total":5.2,
				"free":3.2
			},
			"weight":{
				"used":500,
				"total":6000,
				"free":5500
			}
		}
]
}