{
    "spaceUtilizationSummary": 
        { 
            "used": 1000,
            "free": 6000,
            "total": 7000
        },
    "name": 
        {
            "carrier" : "Air",
            "flightNumber" : "0222"
        },
    "type" :
        {
            "aicraftType" : "747",
            "aircaftGroup" : ""
        },
    "utilizationInfo" : 
    [
            {
                "type" : "CARGO",
                "weight" : 50000,
                "volume" : 50,
                "ldc" : "",
                "ldp" : "",
                "mdp" : "",
                "blk" : ""
            },
            {
                "type" : "MAIL",
                "weight" : 400,
                "volume" : 2,
                "ldc" : "",
                "ldp" : "",
                "mdp" : "",
                "blk" : ""
            },
            {
                "type" : "BAG",
                "weight" : 800,
                "volume" : 4,
                "ldc" : "",
                "ldp" : "",
                "mdp" : "",
                "blk" : ""
            }           
        ],
    "legOrigin": "FRA",
    "legDestination": "SFO",
    "departLocal": 1398240000000,
    "arrivalLocal": 1398279600000,
    "updated": {
        "numComments" : 2,
        "by":"Paul ",
        "date":1398279600000,
        "handoverStatus" : "unknown"
    },
    "ulds": [
        {
            "id":"ULD00001",
            "type":"AKE",
            "status":"CONFIRMED",
            "location":"Warehouse North Bay",
            "notifications":4,
            "vol":{
                "used":2.3,
                "total":5.2,
                "free":2.9
            },
            "weight":{
                "used":300,
                "total":6000,
                "free":5700
            }
        },
        {
            "id":"ULD00002",
            "type":"AKE",
            "status":"PLANNED",
            "location":"Warehouse North Bay",
            "notifications":2,
            "vol":{
                "used":1,
                "total":5.2,
                "free":4.2
            },
            "weight":{
                "used":700,
                "total":6000,
                "free":5300
            }
        }
        ]
}