 [
	{
		"weight": 
	{ 
		"used": 2233,
		"free" : 1000,
		"total" : 7000
	},
	"ulds": 
	{ 
		"unused" : 55,
		"midused" : 21,
		"full" : 33
	},
	"shipments":{
		"assigned":50,
		"total":120
	},
	"name" : "A0200",
	"from" : "FRA",
	"to": "SFO",
	"depart" : 1398240000000,
	"arrive" : 1398279600000

	},
	{
		"weight": 
	{ 
		"used" : 6000,
		"free" : 1000,
		"total" : 7000
	},
	"ulds": 
	{ 
		"unused" : 60,
		"midused" : 10,
		"full" : 20
	},
	"shipments":{
		"assigned":30,
		"total":100
	},
	"name" : "A0222",
	"from" : "FRA",
	"to": "SFO",
	"depart" : 1398240000000,
	"arrive" : 1398279600000

	},
	{
		"weight": 
	{ 
		"used" : 4577,
		"free" : 1000,
		"total" : 7000
	},
	"ulds": 
	{ 
		"unused" : 34,
		"midused" : 22,
		"full" : 11
	},
	"shipments":{
		"assigned":70,
		"total":140
	},
	"name" : "A0254",
	"from" : "FRA",
	"to": "SFO",
	"depart" : 1398240000000,
	"arrive" : 1398279600000

	},
	{
		"weight": 
	{ 
		"used" : 3233,
		"free" : 1000,
		"total" : 7000
	},
	"ulds": 
	{ 
		"unused" : 33,
		"midused" : 63,
		"full" : 12
	},
	"shipments":{
		"assigned":150,
		"total":190
	},
	"name" : "A0240",
	"from" : "FRA",
	"to": "SFO",
	"depart" : 1398240000000,
	"arrive" : 1398279600000

	},
	{
		"weight": 
	{ 
		"used" : 4333,
		"free" : 1000,
		"total" : 7000
	},
	"ulds": 
	{ 
		"unused" : 76,
		"midused" : 23,
		"full" : 44
	},
	"shipments":{
		"assigned":50,
		"total":110
	},
	"name" : "A0544",
	"from" : "FRA",
	"to": "SFO",
	"depart" : 1398240000000,
	"arrive" : 1398279600000

	},
	{
		"weight": 
	{ 
		"used" : 6544,
		"free" : 1000,
		"total" : 7000
	},
	"ulds": 
	{ 
		"unused" : 54,
		"midused" : 22,
		"full" : 11
	},
	"shipments":{
		"assigned":20,
		"total":100
	},
	"name" : "A3442",
	"from" : "FRA",
	"to": "SFO",
	"depart" : 1398240000000,
	"arrive" : 1398279600000

	}
]