[
    {
        "id": "AWB00000001",
        "contentDescription": "Biologics",
        "dimensions": {
            "l": 20,
            "w": 20,
            "h": 100
        },
        "weight": 1000,
        "vol": 5.2,
        "pcs": 100,
        "origin": "MRU",
        "destination": "RDU",
        "SCH": "VAL",
        "onward": {
            "flight": {
                "name": {
                    "carrier": "Air",
                    "flightNumber": "391"
                },
                "type": {
                    "aicraftType": "",
                    "aircaftGroup": "AMR"
                }
            },
            "date": 1398279600000
        },
        "flags": {
            "priority": 0,
            "cold": true,
            "big": false,
            "dangerous": false,
            "fashion": false,
            "live": false
        }
    },
    {
        "id": "AWB00000002",
        "contentDescription": "Flowers",
        "dimensions": {
            "l": 20,
            "w": 20,
            "h": 100
        },
        "weight": 500,
        "vol": 3.2,
        "pcs": 1200,
        "origin": "MRU",
        "destination": "RDU",
        "SCH": "VAL",
        "onward": {
            "flight": {
                "name": {
                    "carrier": "Air",
                    "flightNumber": "391"
                },
                "type": {
                    "aicraftType": "",
                    "aircaftGroup": "AMR"
                }
            },
            "date": 1398279600000
        },
        "flags": {
            "priority": 0,
            "cold": false,
            "big": false,
            "dangerous": false,
            "fashion": false,
            "live": false
        }
    },
    {
        "id": "AWB00000003",
        "contentDescription": "Metal Rods",
        "dimensions": {
            "l": 20,
            "w": 20,
            "h": 100
        },
        "weight": 300,
        "vol": 1.5,
        "pcs": 500,
        "origin": "MRU",
        "destination": "RDU",
        "SCH": "VAL",
        "onward": {
            "flight": {
                "name": {
                    "carrier": "Air",
                    "flightNumber": "391"
                },
                "type": {
                    "aicraftType": "",
                    "aircaftGroup": "AMR"
                }
            },
            "date": 1398279600000
        },
        "flags": {
            "priority": 4,
            "cold": false,
            "big": true,
            "dangerous": false,
            "fashion": false,
            "live": false
        }
    },
     {
        "id": "AWB00000004",
        "contentDescription": "Cats",
        "dimensions": {
            "l": 20,
            "w": 20,
            "h": 100
        },
        "weight": 500,
        "vol": 2.3,
        "pcs": 100,
        "origin": "MRU",
        "destination": "RDU",
        "SCH": "VAL",
        "onward": {
            "flight": {
                "name": {
                    "carrier": "Air",
                    "flightNumber": "391"
                },
                "type": {
                    "aicraftType": "",
                    "aircaftGroup": "AMR"
                }
            },
            "date": 1398279600000
        },
        "flags": {
            "priority": 0,
            "cold": false,
            "big": false,
            "dangerous": false,
            "fashion": false,
            "live": true
        }
    },
     {
        "id": "AWB00000005",
        "contentDescription": "Toys",
        "dimensions": {
            "l": 20,
            "w": 20,
            "h": 100
        },
        "weight": 2000,
        "vol": 1.4,
        "pcs": 2500,
        "origin": "MRU",
        "destination": "RDU",
        "SCH": "VAL",
        "onward": {
            "flight": {
                "name": {
                    "carrier": "Air",
                    "flightNumber": "391"
                },
                "type": {
                    "aicraftType": "",
                    "aircaftGroup": "AMR"
                }
            },
            "date": 1398279600000
        },
        "flags": {
            "priority": 3,
            "cold": false,
            "big": false,
            "dangerous": false,
            "fashion": false,
            "live": false
        }
    },
    {
        "id": "AWB00000006",
        "contentDescription": "Clothes",
        "dimensions": {
            "l": 20,
            "w": 20,
            "h": 100
        },
        "weight": 100,
        "vol": 0.65,
        "pcs": 587,
        "origin": "MRU",
        "destination": "RDU",
        "SCH": "VAL",
        "onward": {
            "flight": {
                "name": {
                    "carrier": "Air",
                    "flightNumber": "391"
                },
                "type": {
                    "aicraftType": "",
                    "aircaftGroup": "AMR"
                }
            },
            "date": 1398279600000
        },
        "flags": {
            "priority": 2,
            "cold": false,
            "big": false,
            "dangerous": false,
            "fashion": true,
            "live": false
        }
    },
        {
        "id": "AWB00000007",
        "contentDescription": "Chemicals",
        "dimensions": {
            "l": 20,
            "w": 20,
            "h": 100
        },
        "weight": 1000,
        "vol": 3.5,
        "pcs": 100,
        "origin": "MRU",
        "destination": "RDU",
        "SCH": "VAL",
        "onward": {
            "flight": {
                "name": {
                    "carrier": "Air",
                    "flightNumber": "391"
                },
                "type": {
                    "aicraftType": "",
                    "aircaftGroup": "AMR"
                }
            },
            "date": 1398279600000
        },
        "flags": {
            "priority": 5,
            "cold": false,
            "big": true,
            "dangerous": true,
            "fashion": false,
            "live": false
        }
    }
]