[
    {
        "id": "AWB00000001",
        "contentDescription": "Biologics",
        "dimensions": {
            "l": 20,
            "w": 20,
            "h": 100
        },
        "weight": 2500,
        "vol": 1.3,
        "pcs": 600,
        "origin": "MRU",
        "destination": "RDU",
        "SCH": "VAL",
        "onward": {
            "flight": {
                "name": {
                    "carrier": "Air",
                    "flightNumber": "391"
                },
                "type": {
                    "aicraftType": "",
                    "aircaftGroup": "AMR"
                }
            },
            "date": 1398279600000
        },
        "flags": {
            "priority": 0,
            "cold": true,
            "big": false,
            "dangerous": false,
            "fashion": false,
            "live": false
        }
    },
    {
        "id": "AWB00000002",
        "contentDescription": "Flowers",
        "dimensions": {
            "l": 20,
            "w": 20,
            "h": 100
        },
        "weight": 200,
        "vol": 2.1,
        "pcs": 100,
        "origin": "MRU",
        "destination": "RDU",
        "SCH": "VAL",
        "onward": {
            "flight": {
                "name": {
                    "carrier": "Air",
                    "flightNumber": "391"
                },
                "type": {
                    "aicraftType": "",
                    "aircaftGroup": "AMR"
                }
            },
            "date": 1398279600000
        },
        "flags": {
            "priority": 0,
            "cold": false,
            "big": false,
            "dangerous": false,
            "fashion": false,
            "live": false
        }
    },
    {
        "id": "AWB00000003",
        "contentDescription": "Metal Rods",
        "dimensions": {
            "l": 20,
            "w": 20,
            "h": 100
        },
        "weight": 2000,
        "vol": 3.1,
        "pcs": 300,
        "origin": "MRU",
        "destination": "RDU",
        "SCH": "VAL",
        "onward": {
            "flight": {
                "name": {
                    "carrier": "Air",
                    "flightNumber": "391"
                },
                "type": {
                    "aicraftType": "",
                    "aircaftGroup": "AMR"
                }
            },
            "date": 1398279600000
        },
        "flags": {
            "priority": 4,
            "cold": false,
            "big": true,
            "dangerous": false,
            "fashion": false,
            "live": false
        }
    },
     {
        "id": "AWB00000004",
        "contentDescription": "Cats",
        "dimensions": {
            "l": 20,
            "w": 20,
            "h": 100
        },
        "weight": 300,
        "vol": 0.9,
        "pcs": 200,
        "origin": "MRU",
        "destination": "RDU",
        "SCH": "VAL",
        "onward": {
            "flight": {
                "name": {
                    "carrier": "Air",
                    "flightNumber": "391"
                },
                "type": {
                    "aicraftType": "",
                    "aircaftGroup": "AMR"
                }
            },
            "date": 1398279600000
        },
        "flags": {
            "priority": 2,
            "cold": false,
            "big": false,
            "dangerous": false,
            "fashion": false,
            "live": true
        }
    }
]